MAE,RMSE,R2,n_rows,horizon
1303.7294339692128,5071.332659876453,0.5066293830318391,13577,10
