threshold,precision,recall,f1,roc_auc,train_rows,test_rows,n_features
0.8400000000000002,0.8853288364249579,0.8101851851851852,0.8460918614020951,0.9956507670116437,38607,9652,25
