MAE,RMSE,R2
981.9656105855339,4029.377399284295,0.6885380670906982
