MAE,RMSE,R2
1045.8073674267441,4406.7800421606935,0.6274609266753777
