MAE,RMSE,R2
1261.7420654296875,4716.112806114798,0.582186222076416
