MAE,RMSE,R2
1249.377685546875,4679.832261951276,0.5843220353126526
