MAE,RMSE,R2
1139.967041015625,4211.774922761187,0.6633126735687256
