MAE,RMSE,R2
1073.448974609375,4382.597403367095,0.6391907930374146
