MAE,RMSE,R2
1521.21728515625,4788.12176119196,0.5694069862365723
