MAE,RMSE,R2
1604.044677734375,4344.830261356593,0.6454461216926575
