MAE,RMSE,R2
1376.7697080189355,4190.674436482341,0.6631031674446075
