MAE,RMSE,R2
1609.5840528230663,4461.637091555246,0.6181282195132584
